{
	"Flags": [
		0,
		3,
		3
	],
	"ModelType": "Grass",
	"Pos": [
		8.0,
		48.099998474121094,
		-110.0
	],
	"PosTarget": [
		15.0,
		40.099998474121094,
		-115.0
	],
	"Priority": 2,
	"Rate": [
		0.0,
		0.01,
		0.05
	],
	"Rot": [
		0.0,
		0.0,
		0.0
	],
	"RotTarget": [
		0.0,
		0.0,
		0.0
	],
	"Scale": [
		1.0,
		1.0,
		1.0
	],
	"ScaleTarget": [
		1.0,
		1.0,
		1.0
	],
	"VectorInterpolator": true
}