{
    "Level": 1,
    "Tag": "None",
    "AnticipationFrame": 180,
    "Objects": [
        {
            "HoleOffset": [
                -30.0,
                -112.0,
                0.0
            ],
          "HoleRot": [
            0.0,
            -0.8999999761581421,
            0.0
          ],
            "HoleScale": [
                2.5,
                2.5,
                15.0
            ],
            "ModelName": "Data\\Model\\banana_hole.x",
            "Move": [
                0.0,
                0.0,
                0.0
            ],
            "Name": "HoleObstacle",
            "Pos": [
                16.0,
                10.0,
                0.0
            ],
            "Rot": [
                0.0,
                0.0,
                0.0
            ],
            "Rotation": [
                0.0,
                0.8999999761581421,
                0.0
            ],
            "Scale": [
                5.0,
                5.0,
                3.0
            ],
            "SummonFrame": 0
        },
        {
            "ModelName": "Data\\Model\\egg.x",
            "Move": [
                0.0,
                0.0,
                0.0
            ],
            "Name": "Obstacle",
            "Pos": [
                215.0,
                -100.0,
                0.0
            ],
            "Rot": [
                0.0,
                0.0,
                0.0
            ],
            "Rotation": [
                0.0,
                0.0,
                0.6000000238418579
            ],
            "Scale": [
                5.0,
                5.0,
                5.0
            ],
            "SummonFrame": 0
        },
        {
            "ModelName": "Data\\Model\\harisenbon.x",
            "Move": [
                0.0,
                0.0,
                0.0
            ],
            "Name": "Obstacle",
            "Pos": [
                170.0,
                68.0,
                0.0
            ],
            "Rot": [
                0.0,
                0.0,
                0.0
            ],
            "Rotation": [
                0.0,
                0.8999999761581421,
                11.600000381469727
            ],
            "Scale": [
                4.0,
                4.0,
                4.0
            ],
            "SummonFrame": 0
        },
        {
            "ModelName": "Data\\Model\\poops.x",
            "Move": [
                0.0,
                0.0,
                0.0
            ],
            "Name": "Obstacle",
            "Pos": [
                -170.10000610351563,
                31.899999618530273,
                0.0
            ],
            "Rot": [
                0.0,
                0.0,
                0.0
            ],
            "Rotation": [
                -0.20000000298023224,
                0.0,
                -0.30000001192092896
            ],
            "Scale": [
                3.0,
                3.0,
                3.0
            ],
            "SummonFrame": 0
        },
        {
            "ModelName": "Data\\Model\\harisenbon.x",
            "Move": [
                0.0,
                0.0,
                0.0
            ],
            "Name": "Obstacle",
            "Pos": [
                -167.6999969482422,
                -101.0999984741211,
                0.0
            ],
            "Rot": [
                0.0,
                0.0,
                0.0
            ],
            "Rotation": [
                0.0,
                -1.600000023841858,
                -0.5
            ],
            "Scale": [
                3.0,
                3.0,
                3.0
            ],
            "SummonFrame": 0
        },
        {
            "ModelName": "Data\\Model\\SafeZone.x",
            "Move": [
                0.0,
                0.0,
                0.0
            ],
            "Name": "SafeZone",
            "Pos": [
                -10.199999809265137,
                -104.5,
                0.0
            ],
            "Rot": [
                0.0,
                0.0,
                0.0
            ],
            "Rotation": [
                0.0,
                0.0,
                0.0
            ],
            "Scale": [
                3.0,
                3.0,
                1.0
            ],
            "SummonFrame": 0
        }
    ]
}