{
    "Level": 1,
    "Tag": "None",
    "AnticipationFrame": 90,
    "Objects": [
        {
            "ModelName": "Data\\Model\\chainsaw.x",
            "Move": [
                0.0,
                0.0,
                0.0
            ],
            "Name": "Obstacle",
            "Pos": [
                83.30000305175781,
                -60.0,
                0.0
            ],
            "Rot": [
                0.0,
                0.0,
                0.0
            ],
            "Rotation": [
                0.699999988079071,
                -0.8999999761581421,
                0.10000000149011612
            ],
            "Scale": [
                6.0,
                6.0,
                6.0
            ],
            "SummonFrame": 0
        },
        {
            "ModelName": "Data\\Model\\chainsaw.x",
            "Move": [
                0.0,
                0.0,
                0.0
            ],
            "Name": "Obstacle",
            "Pos": [
                34.5,
                54.20000076293945,
                0.0
            ],
            "Rot": [
                0.0,
                0.0,
                0.0
            ],
            "Rotation": [
                0.0,
                0.0,
                -0.800000011920929
            ],
            "Scale": [
                6.0,
                6.0,
                6.0
            ],
            "SummonFrame": 0
        },
        {
            "ModelName": "Data\\Model\\chainsaw.x",
            "Move": [
                0.0,
                0.0,
                0.0
            ],
            "Name": "Obstacle",
            "Pos": [
                -291.70001220703125,
                -48.29999923706055,
                0.0
            ],
            "Rot": [
                0.0,
                0.0,
                0.0
            ],
            "Rotation": [
                1.100000023841858,
                0.0,
                0.800000011920929
            ],
            "Scale": [
                6.0,
                6.0,
                6.0
            ],
            "SummonFrame": 0
        },
        {
            "ModelName": "Data\\Model\\chainsaw.x",
            "Move": [
                0.0,
                0.0,
                0.0
            ],
            "Name": "Obstacle",
            "Pos": [
                -99.0,
                43.70000076293945,
                0.0
            ],
            "Rot": [
                0.0,
                0.0,
                0.0
            ],
            "Rotation": [
                0.0,
                0.0,
                0.0
            ],
            "Scale": [
                6.0,
                6.0,
                6.0
            ],
            "SummonFrame": 0
        },
        {
            "ModelName": "Data\\Model\\chainsaw.x",
            "Move": [
                0.0,
                0.0,
                0.0
            ],
            "Name": "Obstacle",
            "Pos": [
                -214.39999389648438,
                204.89999389648438,
                0.0
            ],
            "Rot": [
                0.0,
                0.0,
                0.0
            ],
            "Rotation": [
                0.0,
                -1.100000023841858,
                0.0
            ],
            "Scale": [
                6.0,
                6.0,
                6.0
            ],
            "SummonFrame": 0
        },
        {
            "ModelName": "Data\\Model\\chainsaw.x",
            "Move": [
                0.0,
                0.0,
                0.0
            ],
            "Name": "Obstacle",
            "Pos": [
                280.3999938964844,
                -106.5,
                0.0
            ],
            "Rot": [
                0.0,
                0.0,
                0.0
            ],
            "Rotation": [
                -0.6000000238418579,
                1.399999976158142,
                0.800000011920929
            ],
            "Scale": [
                6.0,
                6.0,
                6.0
            ],
            "SummonFrame": 0
        },
        {
            "ModelName": "Data\\Model\\chainsaw.x",
            "Move": [
                0.0,
                0.0,
                0.0
            ],
            "Name": "Obstacle",
            "Pos": [
                117.80000305175781,
                147.89999389648438,
                0.0
            ],
            "Rot": [
                0.0,
                0.0,
                0.0
            ],
            "Rotation": [
                0.0,
                -1.399999976158142,
                6.300000190734863
            ],
            "Scale": [
                4.0,
                4.0,
                4.0
            ],
            "SummonFrame": 0
        },
        {
            "ModelName": "Data\\Model\\SafeZone.x",
            "Move": [
                0.0,
                0.0,
                0.0
            ],
            "Name": "SafeZone",
            "Pos": [
                -157.89999389648438,
                -71.30000305175781,
                0.0
            ],
            "Rot": [
                0.0,
                0.0,
                0.0
            ],
            "Rotation": [
                0.0,
                0.0,
                0.0
            ],
            "Scale": [
                3.0,
                3.0,
                1.0
            ],
            "SummonFrame": 0
        }
    ]
}