{
    "Level": 1,
    "Tag": "Smork",
    "AnticipationFrame": 180,
    "Objects": [
        {
            "HoleOffset": [
                0.0,
                0.0,
                0.0
            ],
            "HoleRot": [
                1.5,
                0.0,
                0.0
            ],
            "HoleScale": [
                4.0,
                4.0,
                10.0
            ],
            "ModelName": "Data\\Model\\shuriken_hole.x",
            "Move": [
                0.0,
                0.0,
                0.0
            ],
            "Name": "HoleObstacle",
            "Pos": [
                -220.0,
                128.0,
                0.0
            ],
            "Rot": [
                0.0,
                0.0,
                0.0
            ],
            "Rotation": [
                -1.5,
                0.0,
                0.0
            ],
            "Scale": [
                5.0,
                5.0,
                5.0
            ],
            "SummonFrame": 0
        },
        {
            "ModelName": "Data\\Model\\shuriken.x",
            "Move": [
                0.0,
                0.0,
                0.0
            ],
            "Name": "Obstacle",
            "Pos": [
                -120.0,
                43.5,
                0.0
            ],
            "Rot": [
                0.0,
                0.0,
                0.0
            ],
            "Rotation": [
                -7.300000190734863,
                0.0,
                2.5999999046325684
            ],
            "Scale": [
                2.0,
                2.0,
                2.0
            ],
            "SummonFrame": 0
        },
        {
            "ModelName": "Data\\Model\\shuriken.x",
            "Move": [
                0.0,
                0.0,
                0.0
            ],
            "Name": "Obstacle",
            "Pos": [
                -169.3000030517578,
                7.300000190734863,
                0.0
            ],
            "Rot": [
                0.0,
                0.0,
                0.0
            ],
            "Rotation": [
                0.0,
                -4.099999904632568,
                5.300000190734863
            ],
            "Scale": [
                1.0,
                1.0,
                2.0
            ],
            "SummonFrame": 0
        },
        {
            "ModelName": "Data\\Model\\shuriken.x",
            "Move": [
                0.0,
                0.0,
                0.0
            ],
            "Name": "Obstacle",
            "Pos": [
                -220.0,
                -65.0,
                0.0
            ],
            "Rot": [
                0.0,
                0.0,
                0.0
            ],
            "Rotation": [
                0.0,
                0.5,
                2.0999999046325684
            ],
            "Scale": [
                3.0,
                3.0,
                3.0
            ],
            "SummonFrame": 0
        },
        {
            "ModelName": "Data\\Model\\shuriken.x",
            "Move": [
                0.0,
                0.0,
                0.0
            ],
            "Name": "Obstacle",
            "Pos": [
                -111.19999694824219,
                -70.80000305175781,
                0.0
            ],
            "Rot": [
                0.0,
                0.0,
                0.0
            ],
            "Rotation": [
                -0.8999999761581421,
                -19.100000381469727,
                6.900000095367432
            ],
            "Scale": [
                2.5,
                2.5,
                2.5
            ],
            "SummonFrame": 0
        },
        {
            "ModelName": "Data\\Model\\shuriken.x",
            "Move": [
                0.0,
                0.0,
                0.0
            ],
            "Name": "Obstacle",
            "Pos": [
                0.0,
                0.0,
                0.0
            ],
            "Rot": [
                0.0,
                0.0,
                0.0
            ],
            "Rotation": [
                2.0,
                0.0,
                0.0
            ],
            "Scale": [
                2.0,
                2.0,
                2.0
            ],
            "SummonFrame": 0
        },
        {
            "ModelName": "Data\\Model\\shuriken.x",
            "Move": [
                0.0,
                0.0,
                0.0
            ],
            "Name": "Obstacle",
            "Pos": [
                0.0,
                -85.0,
                0.0
            ],
            "Rot": [
                0.0,
                0.0,
                0.0
            ],
            "Rotation": [
                4.099999904632568,
                4.699999809265137,
                -7.300000190734863
            ],
            "Scale": [
                3.0,
                3.0,
                3.0
            ],
            "SummonFrame": 0
        },
        {
            "ModelName": "Data\\Model\\shuriken.x",
            "Move": [
                0.0,
                0.0,
                0.0
            ],
            "Name": "Obstacle",
            "Pos": [
                0.0,
                100.0,
                0.0
            ],
            "Rot": [
                0.0,
                0.0,
                0.0
            ],
            "Rotation": [
                2.4000000953674316,
                -2.5,
                0.5
            ],
            "Scale": [
                2.5,
                2.5,
                2.5
            ],
            "SummonFrame": 0
        },
        {
            "ModelName": "Data\\Model\\shuriken.x",
            "Move": [
                0.0,
                0.0,
                0.0
            ],
            "Name": "Obstacle",
            "Pos": [
                153.0,
                95.0,
                0.0
            ],
            "Rot": [
                0.0,
                0.0,
                0.0
            ],
            "Rotation": [
                -2.4000000953674316,
                6.0,
                -2.0
            ],
            "Scale": [
                4.0,
                4.0,
                4.0
            ],
            "SummonFrame": 0
        },
        {
            "HoleOffset": [
                0.0,
                0.0,
                0.0
            ],
            "HoleRot": [
                1.5,
                0.0,
                0.0
            ],
            "HoleScale": [
                4.0,
                4.0,
                10.0
            ],
            "ModelName": "Data\\Model\\shuriken_hole.x",
            "Move": [
                0.0,
                0.0,
                0.0
            ],
            "Name": "HoleObstacle",
            "Pos": [
                240.0,
                -90.0,
                0.0
            ],
            "Rot": [
                0.0,
                0.0,
                0.0
            ],
            "Rotation": [
                -1.5,
                0.0,
                0.0
            ],
            "Scale": [
                5.0,
                5.0,
                5.0
            ],
            "SummonFrame": 0
        },
        {
            "ModelName": "Data\\Model\\shuriken.x",
            "Move": [
                0.0,
                0.0,
                0.0
            ],
            "Name": "Obstacle",
            "Pos": [
                87.5,
                35.099998474121094,
                0.0
            ],