{
	"Loop": [
		false,
		true
	],
	"MaxFrame": [
		[
			5,
			5,
			10,
			10,
			5,
			10
		],
		[
			1
		]
	],
	"MaxKey": [
		6,
		1
	],
	"MaxMotion": 2,
	"MaxParts": 5,
	"ModelType": [
		"Mount_Breakable_Body",
		"Mount_Breakable_Mid",
		"Mount_Breakable_Left",
		"Mount_Breakable_Front",
		"Mount_Breakable_Right"
	],
	"ParentIdx": [
		-1,
		0,
		0,
		0,
		0
	],
	"PosOffset": [
		[
			0.0,
			0.0,
			0.0
		],
		[
			0.0,
			0.0,
			0.0
		],
		[
			0.0,
			0.0,
			0.0
		],
		[
			0.0,
			0.0,
			0.0
		],
		[
			0.0,
			0.0,
			0.0
		]
	],
	"PosTarget": [
		[
			[
				[
					0.0,
					0.0,
					0.0
				],
				[
					0.0,
					3.0,
					0.0
				],
				[
					-2.200000047683716,
					0.0,
					0.0
				],
				[
					-3.5,
					-3.700000047683716,
					-5.599999904632568
				],
				[
					2.299999952316284,
					0.0,
					-4.699999809265137
				]
			],
			[
				[
					0.0,
					0.0,
					0.0
				],
				[
					5.900000095367432,
					40.5,
					-14.800000190734863
				],
				[
					-11.100000381469727,
					25.799999237060547,
					-6.5
				],
				[
					-11.100000381469727,
					19.799999237060547,
					-20.299999237060547
				],
				[
					19.0,
					28.399999618530273,
					-29.799999237060547
				]
			],
			[
				[
					0.0,
					0.0,
					0.0
				],
				[
					13.300000190734863,
					52.79999923706055,
					18.5
				],
				[
					-19.899999618530273,
					49.70000076293945,
					-1.399999976158142
				],
				[
					-22.799999237060547,
					47.29999923706055,
					-28.299999237060547
				],
				[
					22.799999237060547,
					46.20000076293945,
					-31.700000762939453
				]
			],
			[
				[
					0.0,
					0.0,
					0.0
				],
				[
					18.5,
					38.20000076293945,
					31.600000381469727
				],
				[
					-26.799999237060547,
					40.099998474121094,
					-1.899999976158142
				],
				[
					-25.0,
					34.900001525878906,
					-32.20000076293945
				],
				[
					30.0,
					33.20000076293945,
					-33.29999923706055
				]
			],
			[
				[
					0.0,
					0.0,
					0.0
				],
				[
					30.100000381469727,
					-12.800000190734863,
					51.099998474121094
				],
				[
					-39.400001525878906,
					3.299999952316284,
					0.8999999761581421
				],
				[
					-25.299999237060547,
					1.7000000476837158,
					-43.900001525878906
				],
				[
					39.5,
					3.4000000953674316,
					-36.29999923706055
				]
			],
			[
				[
					0.0,
					0.0,
					0.0
				],
				[
					30.100000381469727,
					-16.700000762939453,
					51.099998474121094
				],
				[
					-39.400001525878906,
					-3.9000000953674316,
					0.8999999761581421
				],
				[
					-25.299999237060547,
					-1.0,
					-43.900001525878906
				],
				[
					39.5,
					-6.099999904632568,
					-36.29999923706055
				]
			]
		],
		[
			[
				[
					0.0,
					0.0,
					0.0
				],
				[
					0.0,
					0.0,
					0.0
				],
				[
					0.0,
					0.0,
					0.0
				],
				[
					0.0,
					0.0,
					0.0
				],
				[
					0.0,
					0.0,
					0.0
				]
			]
		]
	],
	"RotOffset": [
		[
			0.0,
			0.0,
			0.0
		],
		[
			0.0,
			0.0,
			0.0
		],
		[
			0.0,
			0.0,
			0.0
		],
		[
			0.0,
			0.0,
			0.0
		],
		[
			0.0,
			0.0,
			0.0
		]
	],
	"RotTarget": [
		[
			[
				[
					0.0,
					0.0,
					0.0
				],
				[
					0.0,
					0.0,
					0.0
				],
				[
					0.0,
					0.0,
					0.0
				],
				[
					0.0,
					0.0,
					0.0
				],
				[
					0.0,
					0.0,
					0.0
				]
			],
			[
				[
					0.0,
					0.0,
					0.0
				],
				[
					0.0,
					0.7329999804496765,
					-0.20999999344348907
				],
				[
					0.0,
					0.4189999997615814,
					0.0
				],
				[
					0.0,
					0.5239999890327454,
					0.0
				],
				[
					0.0,
					0.5239999890327454,
					0.3140000104904175
				]
			],
			[
				[
					0.0,
					0.0,
					0.0
				],
				[
					0.0,
					0.7329999804496765,
					-0.20999999344348907
				],
				[
					0.0,
					0.4189999997615814,
					0.0
				],
				[
					0.0,
					0.5239999890327454,
					0.0
				],
				[
					0.0,
					0.5239999890327454,
					0.3140000104904175
				]
			],
			[
				[
					0.0,
					0.0,
					0.0
				],
				[
					0.0,
					0.7329999804496765,
					-0.20999999344348907
				],
				[
					0.0,
					0.4189999997615814,
					0.0
				],
				[
					0.0,
					0.5239999890327454,
					0.0
				],
				[
					0.0,
					0.5239999890327454,
					0.3140000104904175
				]
			],
			[
				[
					0.0,
					0.0,
					0.0
				],
				[
					0.0,
					0.7329999804496765,
					-0.20999999344348907
				],
				[
					0.0,
					0.4189999997615814,
					0.0
				],
				[
					0.0,
					0.5239999890327454,
					0.0
				],
				[
					0.0,
					0.5239999890327454,
					0.3140000104904175
				]
			],
			[
				[
					0.0,
					0.0,
					0.0
				],
				[
					0.0,
					0.7329999804496765,
					-0.20999999344348907
				],
				[
					0.0,
					0.4189999997615814,
					0.0
				],
				[
					0.0,
					0.5239999890327454,
					0.0
				],
				[
					0.0,
					0.5239999890327454,
					0.3140000104904175
				]
			]
		],
		[
			[
				[
					0.0,
					0.0,
					0.0
				],
				[
					0.0,
					0.0,
					0.0
				],
				[
					0.0,
					0.0,
					0.0
				],
				[
					0.0,
					0.0,
					0.0
				],
				[
					0.0,
					0.0,
					0.0
				]
			]
		]
	],
	"ScaleOffset": [
		0.0,
		0.0,
		0.0
	],
	"ScaleTarget": [
		[
			[
				[
					1.0,
					1.0,
					1.0
				],
				[
					1.0,
					1.0,
					1.0
				],
				[
					1.0,
					1.0,
					1.0
				],
				[
					1.0,
					1.0,
					1.0
				],
				[
					1.0,
					1.0,
					1.0
				]
			],
			[
				[
					1.0,
					1.0,
					1.0
				],
				[
					1.0,
					1.0,
					1.0
				],
				[
					1.0,
					1.0,
					1.0
				],
				[
					1.0,
					1.0,
					1.0
				],
				[
					1.0,
					1.0,
					1.0
				]
			],
			[
				[
					1.0,
					1.0,
					1.0
				],
				[
					1.0,
					1.0,
					1.0
				],
				[
					1.0,
					1.0,
					1.0
				],
				[
					1.0,
					1.0,
					1.0
				],
				[
					1.0,
					1.0,
					1.0
				]
			],
			[
				[
					1.0,
					1.0,
					1.0
				],
				[
					1.0,
					1.0,
					1.0
				],
				[
					1.0,
					1.0,
					1.0
				],
				[
					1.0,
					1.0,
					1.0
				],
				[
					1.0,
					1.0,
					1.0
				]
			],
			[
				[
					1.0,
					1.0,
					1.0
				],
				[
					1.0,
					1.0,
					1.0
				],
				[
					1.0,
					1.0,
					1.0
				],
				[
					1.0,
					1.0,
					1.0
				],
				[
					1.0,
					1.0,
					1.0
				]
			],
			[
				[
					1.0,
					1.0,
					1.0
				],
				[
					1.0,
					1.0,
					1.0
				],
				[
					1.0,
					1.0,
					1.0
				],
				[
					1.0,
					1.0,
					1.0
				],
				[
					1.0,
					1.0,
					1.0
				]
			]
		],
		[
			[
				[
					1.0,
					1.0,
					1.0
				],
				[
					1.0,
					1.0,
					1.0
				],
				[
					1.0,
					1.0,
					1.0
				],
				[
					1.0,
					1.0,
					1.0
				],
				[
					1.0,
					1.0,
					1.0
				]
			]
		]
	]
}