{
    "Level": 1,
    "Tag": "None",
    "AnticipationFrame": 180,
    "Objects": [
        {
            "ModelName": "Data\\Model\\hammer.x",
            "Move": [
                0.0,
                0.0,
                0.0
            ],
            "Name": "Obstacle",
            "Pos": [
                -230.0,
                0.0,
                0.0
            ],
            "Rot": [
                0.10000000149011612,
                0.0,
                0.0
            ],
            "Rotation": [
                0.0,
                1.5,
                0.0
            ],
            "Scale": [
                5.0,
                5.0,
                5.0
            ],
            "SummonFrame": 0
        },
        {
            "ModelName": "Data\\Model\\hammer.x",
            "Move": [
                0.0,
                0.0,
                0.0
            ],
            "Name": "Obstacle",
            "Pos": [
                230.0,
                0.0,
                40.0
            ],
            "Rot": [
                -0.10000000149011612,
                0.0,
                0.0
            ],
            "Rotation": [
                0.0,
                1.5,
                0.0
            ],
            "Scale": [
                5.0,
                5.0,
                5.0
            ],
            "SummonFrame": 0
        },
        {
            "ModelName": "Data\\Model\\gold.x",
            "Move": [
                0.0,
                0.0,
                0.0
            ],
            "Name": "Obstacle",
            "Pos": [
                -302.70001220703125,
                130.10000610351563,
                70.0
            ],
            "Rot": [
                0.0,
                0.0,
                0.0
            ],
            "Rotation": [
                4.099999904632568,
                3.5,
                -2.0999999046325684
            ],
            "Scale": [
                5.0,
                5.0,
                4.300000190734863
            ],
            "SummonFrame": 0
        },
        {
            "ModelName": "Data\\Model\\gold.x",
            "Move": [
                0.0,
                0.0,
                0.0
            ],
            "Name": "Obstacle",
            "Pos": [
                -268.79998779296875,
                -61.900001525878906,
                30.0
            ],
            "Rot": [
                0.0,
                0.0,
                0.0
            ],
            "Rotation": [
                5.599999904632568,
                7.099999904632568,
                -0.4000000059604645
            ],
            "Scale": [
                8.0,
                8.0,
                8.0
            ],
            "SummonFrame": 0
        },
        {
            "ModelName": "Data\\Model\\gold.x",
            "Move": [
                0.0,
                0.0,
                0.0
            ],
            "Name": "Obstacle",
            "Pos": [
                -7.0,
                -162.5,
                210.0
            ],
            "Rot": [
                0.0,
                0.0,
                0.0
            ],
            "Rotation": [
                0.0,
                2.0999999046325684,
                -0.30000001192092896
            ],
            "Scale": [
                8.0,
                8.0,
                8.0
            ],
            "SummonFrame": 0
        },
        {
            "ModelName": "Data\\Model\\gold.x",
            "Move": [
                0.0,
                0.0,
                0.0
            ],
            "Name": "Obstacle",
            "Pos": [
                268.6000061035156,
                -125.0999984741211,
                170.0
            ],
            "Rot": [
                0.0,
                0.0,
                0.0
            ],
            "Rotation": [
                0.699999988079071,
                -2.299999952316284,
                -0.800000011920929
            ],
            "Scale": [
                4.0,
                4.0,
                4.0
            ],
            "SummonFrame": 0
        },
        {
            "ModelName": "Data\\Model\\gold.x",
            "Move": [
                0.0,
                0.0,
                0.0
            ],
            "Name": "Obstacle",
            "Pos": [
                288.1000061035156,
                41.79999923706055,
                120.0
            ],
            "Rot": [
                0.0,
                0.0,
                0.0
            ],
            "Rotation": [
                2.200000047683716,
                -1.0,
                1.2999999523162842
            ],
            "Scale": [
                6.0,
                6.0,
                6.0
            ],
            "SummonFrame": 0
        },
        {
            "ModelName": "Data\\Model\\gold.x",
            "Move": [
                0.0,
                0.0,
                0.0
            ],
            "Name": "Obstacle",
            "Pos": [
                39.599998474121094,
                212.8000030517578,
                180.0
            ],
            "Rot": [
                0.0,
                0.0,
                0.0
            ],
            "Rotation": [
                0.0,
                -5.199999809265137,
                -1.0
            ],
            "Scale": [
                8.0,
                8.0,
                8.0
            ],
            "SummonFrame": 0
        },
        {
            "ModelName": "Data\\Model\\SafeZone.x",
            "Move": [
                0.0,
                0.0,
                0.0
            ],
            "Name": "SafeZone",
            "Pos": [
                10.600000381469727,
                18.0,
                0.0
            ],
            "Rot": [
                0.0,
                0.0,
                0.0
            ],
            "Rotation": [
                0.0,
                0.0,
                0.0
            ],
            "Scale": [
                6.0,
                6.0,
                1.0
            ],
            "SummonFrame": 0
        },
        {
            "ModelName": "Data\\Model\\SafeZone.x",
            "Move": [
                0.0,
                0.0,
                0.0
            ],
            "Name": "SafeZone",
            "Pos": [
                -164.60000610351563,
                182.89999389648438,
                0.0
            ],
            "Rot": [
                0.0,
                0.0,
                0.0
            ],
            "Rotation": [
                0.0,
                0.0,
                0.0
            ],
            "Scale": [
                3.0,
                3.0,
                1.0
            ],
            "SummonFrame": 0
        }
    ]
}